[{"id":"user-image-56763.png","fileName":"56763.png","name":"56763","publicUrl":"https://assets.nicepagecdn.com/91aa4fe9/5931231/images/56763.png","size":824,"hash":"0yNtJboe2l3wr3YU64pnjslbcjA=","width":128,"height":128,"folderId":null,"thumbnail":{"url":"https://assets.nicepagecdn.com/91aa4fe9/5931231/images/56763.png","width":128,"height":128},"usages":[]},{"id":"user-image-donate.png","fileName":"donate.png","name":"donate","publicUrl":"https://assets.nicepagecdn.com/91aa4fe9/5931231/images/donate.png","size":59819,"hash":"wLlP6jQENsEzKuGFRrUMveUmGOM=","width":1280,"height":869,"folderId":null,"thumbnail":{"url":"https://assets.nicepagecdn.com/91aa4fe9/5931231/images/thumbnails/donate.png","width":150,"height":102},"usages":["5931260"]},{"id":"user-image-626075.png","fileName":"626075.png","name":"626075","publicUrl":"https://assets.nicepagecdn.com/91aa4fe9/5931231/images/626075.png","size":1247,"hash":"k3rpNLZLEYPSu/1G6xBfRcBMtks=","width":128,"height":128,"folderId":null,"thumbnail":{"url":"https://assets.nicepagecdn.com/91aa4fe9/5931231/images/626075.png","width":128,"height":128},"usages":[]},{"id":"user-image-4655143.png","fileName":"4655143.png","name":"4655143","publicUrl":"https://assets.nicepagecdn.com/91aa4fe9/5931231/images/4655143.png","size":959,"hash":"iXmWpA9jM4C9nr4s5k3tbZfcQso=","width":128,"height":128,"folderId":null,"thumbnail":{"url":"https://assets.nicepagecdn.com/91aa4fe9/5931231/images/4655143.png","width":128,"height":128},"usages":[]},{"id":"user-image-20210930_114237SHMALL.jpg","fileName":"20210930_114237SHMALL.jpg","name":"20210930_114237SHMALL","publicUrl":"https://assets.nicepagecdn.com/91aa4fe9/5931231/images/20210930_114237SHMALL.jpg","size":1506088,"hash":"q3jZmSPLZWlwZlAK1NA42ys/dUI=","width":1920,"height":1743,"folderId":null,"thumbnail":{"url":"https://assets.nicepagecdn.com/91aa4fe9/5931231/images/thumbnails/20210930_114237SHMALL.jpg","width":150,"height":136},"usages":["5931260"]},{"id":"user-image-HWK00567.jpg","fileName":"HWK00567.jpg","name":"HWK00567","publicUrl":"https://assets.nicepagecdn.com/91aa4fe9/5931231/images/HWK00567.jpg","size":644059,"hash":"s2/kPf1P+Cu03OUukS7B/+jIwAc=","width":1920,"height":1920,"folderId":null,"thumbnail":{"url":"https://assets.nicepagecdn.com/91aa4fe9/5931231/images/thumbnails/HWK00567.jpg","width":150,"height":150},"usages":["5931260"]},{"id":"user-image-HWK00529.jpg","fileName":"HWK00529.jpg","name":"HWK00529","publicUrl":"https://assets.nicepagecdn.com/91aa4fe9/5931231/images/HWK00529.jpg","size":623519,"hash":"vmX4HxgY4Mf9IXkM8CamFVAFtdQ=","width":1920,"height":1372,"folderId":null,"thumbnail":{"url":"https://assets.nicepagecdn.com/91aa4fe9/5931231/images/thumbnails/HWK00529.jpg","width":150,"height":107},"usages":["5931260"]},{"id":"user-image-Andromeda2.png","fileName":"Andromeda2.png","name":"Andromeda2","publicUrl":"https://assets.nicepagecdn.com/91aa4fe9/5931231/images/Andromeda2.png","size":31704,"hash":"IfoCv6saHCfU0Z5GN1ebU4jXRA4=","width":926,"height":240,"folderId":null,"thumbnail":{"url":"https://assets.nicepagecdn.com/91aa4fe9/5931231/images/thumbnails/Andromeda2.png","width":150,"height":39},"usages":[]},{"id":"user-image-HWK00495.jpg","fileName":"HWK00495.jpg","name":"HWK00495","publicUrl":"https://assets.nicepagecdn.com/91aa4fe9/5931231/images/HWK00495.jpg","size":523387,"hash":"t/tn07J4th7zXCW1pqZMDtfu7BE=","width":1920,"height":1372,"folderId":null,"thumbnail":{"url":"https://assets.nicepagecdn.com/91aa4fe9/5931231/images/thumbnails/HWK00495.jpg","width":150,"height":107},"usages":["5931260"]},{"id":"user-image-Untitleddrawing3.png","fileName":"Untitleddrawing3.png","name":"Untitleddrawing3","publicUrl":"https://assets.nicepagecdn.com/91aa4fe9/5931231/images/Untitleddrawing3.png","size":27568,"hash":"7WJrC2bxrm5ehMeA8KImBCQ4B8g=","width":1114,"height":181,"folderId":null,"thumbnail":{"url":"https://assets.nicepagecdn.com/91aa4fe9/5931231/images/thumbnails/Untitleddrawing3.png","width":150,"height":24},"usages":[]}]